Title,Company,Location
Frontend Developer dan Fullstack Developer,Baru!,Lembaga Layanan Pendidikan Tinggi Wilayah V
Fullstack Developer,Baru!,PT Edukasi Rekanan Anda
Fullstack Developer (SISTER - SARPRAS),Baru!,"Sekretariat Direktorat Jenderal Pendidikan Tinggi, Riset, dan Teknologi Kementerian Pendidikan, Kebudayaan, Riset, dan Teknologi"
Fullstack Developer (BMN),Baru!,"Sekretariat Direktorat Jenderal Pendidikan Tinggi, Riset, dan Teknologi Kementerian Pendidikan, Kebudayaan, Riset, dan Teknologi"
Fullstack Developer (SISTER-BKD),Baru!,"Sekretariat Direktorat Jenderal Pendidikan Tinggi, Riset, dan Teknologi Kementerian Pendidikan, Kebudayaan, Riset, dan Teknologi"
Fullstack Developer (Backoffice),Baru!,"Sekretariat Direktorat Jenderal Pendidikan Tinggi, Riset, dan Teknologi Kementerian Pendidikan, Kebudayaan, Riset, dan Teknologi"
Programmer Fullstack,Baru!,Yayasan Lembaga Manajemen Infaq Ukhuwah Islamiyah
Fullstack Developer,Baru!,"Badan Strategi Kebijakan Luar Negeri (BSKLN), Kementerian Luar Negeri"
Fullstack Developer,Baru!,PT Elang Mahkota Teknologi Tbk
Fullstack Engineer ,Baru!,PT Dibimbing Digital Indonesia
Fullstack Developer,Baru!,PT Telekomunikasi Indonesia Tbk
Fullstack Developer,Baru!,PT Telekomunikasi Indonesia Tbk
Fullstack Developer,Baru!,PT Telekomunikasi Indonesia Tbk
Fullstack Developer,Baru!,PT Bank Rakyat Indonesia (Persero) Tbk
Fullstack Web Developer,Baru!,PT Adma Digital Solusi
Fullstack Developer ,Baru!,PT Citi Asia Internasional
Fullstack Developer Intern ,Baru!,PT Nusantara Infrastructure Tbk
Fullstack Developer Intern ,Baru!,PT Nusantara Infrastructure Tbk
