Title,Company,Location
Mobile Programmer,Baru!,Lembaga Layanan Pendidikan Tinggi Wilayah IX
Mobile Developer,Baru!,PT Radya Anugrah Digital
Mobile Developer,Baru!,PT Radya Anugrah Digital
Mobile Programming,Baru!,Badan Amil Zakat Nasional
Mobile Apps Developer,Baru!,Kementerian Komunikasi dan Informatika
Mobile Apps Developer,Baru!,Kementerian Komunikasi dan Informatika
Mobile Developer,Baru!,PT Edukasi Rekanan Anda
Mobile Developer - IT Business Process & Project,Baru!,PT Surya Citra Media Tbk
Mobile Developer - IT Business Application,Baru!,PT Surya Citra Media Tbk
Designer (Web & Mobile Apps),Baru!,PT Imajiku Cipta Media
Mobile Apps Developer (React Native),Baru!,PT Imajiku Cipta Media
Backend Developer (Web & Mobile Apps),Baru!,PT Imajiku Cipta Media
 Mobile Developer Android + ios (Satudikti),Baru!,"Sekretariat Direktorat Jenderal Pendidikan Tinggi, Riset, dan Teknologi Kementerian Pendidikan, Kebudayaan, Riset, dan Teknologi"
Mobile Developer Android,Baru!,Yayasan Lembaga Manajemen Infaq Ukhuwah Islamiyah
Mobile Developer iOS,Baru!,Yayasan Lembaga Manajemen Infaq Ukhuwah Islamiyah
Telkomsel Software Developer Intern - Mobile Apps Engineer (Android),Baru!,PT Telekomunikasi Selular
Telkomsel Youth Sales Representatives (Mobile Consumer Operations Territory),Baru!,PT Telekomunikasi Selular
Telkomsel Youth Sales Representatives (Mobile Consumer Operation Territory),Baru!,PT Telekomunikasi Selular
Telkomsel Software Developer Intern - Mobile Apps Engineer,Baru!,PT Telekomunikasi Selular
Telkomsel Youth Sales Representatives - Mobile Operation Territory,Baru!,PT Telekomunikasi Selular
Telkomsel Software Developer Intern - Mobile Apps Engineer,Baru!,PT Telekomunikasi Selular
Telkomsel Software Developer Intern - Mobile Apps Engineer,Baru!,PT Telekomunikasi Selular
Telkomsel Youth Sales Representatives (Mobile Consumer Operation Territory),Baru!,PT Telekomunikasi Selular
Telkomsel Youth Sales Representatives (Mobile Consumer Operations Territory),Baru!,PT Telekomunikasi Selular
Mobile App Developer,Baru!,PT Vocasia Eduka Technology
Mobile Apps (Flutter) Developer,Baru!,PT Elang Mahkota Teknologi Tbk
Mobile Developer - REACT NATIVE ,Baru!,PT Elang Mahkota Teknologi Tbk
Mobile Developer,Baru!,PT Elang Mahkota Teknologi Tbk
FIF - Mobile Developer,Baru!,PT Astra International Tbk
Intern - Mobile & AI Programmer (HQ Serpong),Baru!,PT Indah Kiat Pulp & Paper Tbk
SERA - Mobile Developer,Baru!,PT Astra International Tbk
FIF – Mobile Developer ,Baru!,PT Astra International Tbk
Mobile App Developer,Baru!,PT Sebangku Jaya Abadi
Mobile Developer : Technical Writer,Baru!,PT Kinema Systrans Multimedia
Mobile Developer : Asisten Mentoring Tecnical,Baru!,PT Kinema Systrans Multimedia
Mobile Developer : Technical Researcher,Baru!,PT Kinema Systrans Multimedia
Web and Mobile Programming,Baru!,PT Telekomunikasi Indonesia Tbk
Front-end Mobile Developer,Baru!,PT Telekomunikasi Indonesia Tbk
Mobile Apps Developer ,Baru!,Perkumpulan Maritim Muda Nusantara
Mobile Engineer ,Baru!,PT Adma Digital Solusi
Android & IOS (Mobile Developer),Baru!,PT Otak Kanan
Mobile UI/UX Designer,Baru!,PT Suitmedia Kreasi Indonesia
Mobile Analyst,Baru!,PT Suitmedia Kreasi Indonesia
Mobile Developer,Baru!,PT Suitmedia Kreasi Indonesia
Mobile Developer,PT Indi Teknokreasi Internasional,Kota Jakarta Timur (WFO)
